year,p,gperc,weight,a_pre,sh_tax_dir_pit,sh_tax_cit,sh_tax_ind,sh_tax_dir_wea,sh_tax_dir_wea_prh,sh_tax_dir_wea_prb,sh_tax_dir_wea_wea,sh_tax_soc_tot_soc,sh_tax
2023,0,1,3334231,209,0.0041,0.0083,2.4478,0.0287,0.0173,0.0105,0.0009,0.0793,2.5681
2023,1000,2,3334231,646,0.0044,0.0056,0.8943,0.0251,0.0173,0.0072,0.0006,0.0801,1.0096
2023,2000,3,3334231,1121,0.0048,0.0056,0.3267,0.0251,0.0173,0.0072,0.0006,0.0809,0.4432
2023,3000,4,3334231,1651,0.0053,0.0056,0.2376,0.0251,0.0173,0.0072,0.0006,0.0817,0.3553
2023,4000,5,3334231,2247,0.0058,0.0056,0.1987,0.0251,0.0173,0.0072,0.0006,0.0824,0.3176
2023,5000,6,3334231,2921,0.0063,0.0056,0.1761,0.0251,0.0173,0.0072,0.0006,0.0830,0.2962
2023,6000,7,3334231,3676,0.0070,0.0056,0.1610,0.0251,0.0173,0.0072,0.0006,0.0836,0.2823
2023,7000,8,3334231,4513,0.0077,0.0056,0.1500,0.0251,0.0173,0.0072,0.0006,0.0841,0.2727
2023,8000,9,3334231,5428,0.0085,0.0056,0.1416,0.0251,0.0173,0.0072,0.0006,0.0847,0.2655
2023,9000,10,3334231,6410,0.0093,0.0056,0.1348,0.0251,0.0173,0.0072,0.0006,0.0851,0.2600
2023,10000,11,3334231,7441,0.0101,0.0056,0.1292,0.0251,0.0173,0.0072,0.0006,0.0856,0.2556
2023,11000,12,3334231,8496,0.0109,0.0056,0.1245,0.0251,0.0173,0.0072,0.0006,0.0860,0.2521
2023,12000,13,3334231,9553,0.0116,0.0056,0.1204,0.0251,0.0173,0.0072,0.0006,0.0864,0.2491
2023,13000,14,3334231,10586,0.0123,0.0056,0.1168,0.0251,0.0173,0.0072,0.0006,0.0867,0.2466
2023,14000,15,3334231,11578,0.0130,0.0056,0.1137,0.0251,0.0173,0.0072,0.0006,0.0870,0.2445
2023,15000,16,3334231,12510,0.0137,0.0056,0.1109,0.0251,0.0173,0.0072,0.0006,0.0873,0.2427
2023,16000,17,3334231,13370,0.0144,0.0056,0.1084,0.0251,0.0173,0.0072,0.0006,0.0879,0.2413
2023,17000,18,3334231,14148,0.0150,0.0056,0.1060,0.0251,0.0173,0.0072,0.0006,0.0884,0.2403
2023,18000,19,3334231,14843,0.0157,0.0056,0.1039,0.0251,0.0173,0.0072,0.0006,0.0893,0.2397
2023,19000,20,3334231,15459,0.0164,0.0056,0.1020,0.0251,0.0173,0.0072,0.0006,0.0897,0.2388
2023,20000,21,3334231,16006,0.0170,0.0055,0.1002,0.0249,0.0173,0.0070,0.0006,0.0899,0.2376
2023,21000,22,3334231,16503,0.0177,0.0056,0.0985,0.0250,0.0173,0.0071,0.0006,0.0910,0.2378
2023,22000,23,3334231,16970,0.0184,0.0056,0.0970,0.0251,0.0173,0.0072,0.0006,0.0915,0.2376
2023,23000,24,3334231,17426,0.0191,0.0057,0.0955,0.0252,0.0173,0.0073,0.0006,0.0913,0.2368
2023,24000,25,3334231,17888,0.0198,0.0059,0.0941,0.0255,0.0173,0.0075,0.0006,0.0923,0.2376
2023,25000,26,3334231,18371,0.0205,0.0059,0.0928,0.0256,0.0173,0.0076,0.0006,0.0925,0.2373
2023,26000,27,3334231,18890,0.0212,0.0060,0.0916,0.0256,0.0173,0.0076,0.0006,0.0931,0.2375
2023,27000,28,3334231,19453,0.0220,0.0061,0.0904,0.0258,0.0173,0.0078,0.0006,0.0935,0.2378
2023,28000,29,3334231,20068,0.0228,0.0062,0.0893,0.0259,0.0173,0.0079,0.0007,0.0947,0.2389
2023,29000,30,3334231,20736,0.0237,0.0064,0.0882,0.0261,0.0173,0.0081,0.0007,0.0953,0.2397
2023,30000,31,3334231,21454,0.0246,0.0065,0.0872,0.0263,0.0173,0.0083,0.0007,0.0945,0.2391
2023,31000,32,3334231,22213,0.0255,0.0065,0.0862,0.0263,0.0173,0.0083,0.0007,0.0959,0.2404
2023,32000,33,3334231,23004,0.0265,0.0064,0.0853,0.0261,0.0173,0.0081,0.0007,0.0953,0.2395
2023,33000,34,3334231,23817,0.0275,0.0064,0.0844,0.0261,0.0173,0.0081,0.0007,0.0956,0.2399
2023,34000,35,3334231,24643,0.0285,0.0064,0.0835,0.0262,0.0173,0.0082,0.0007,0.0961,0.2407
2023,35000,36,3334231,25475,0.0296,0.0063,0.0826,0.0260,0.0173,0.0080,0.0007,0.0960,0.2405
2023,36000,37,3334231,26305,0.0307,0.0062,0.0818,0.0259,0.0173,0.0080,0.0007,0.0963,0.2410
2023,37000,38,3334231,27128,0.0318,0.0063,0.0810,0.0260,0.0173,0.0080,0.0007,0.0980,0.2431
2023,38000,39,3334231,27940,0.0329,0.0063,0.0803,0.0260,0.0173,0.0080,0.0007,0.0967,0.2421
2023,39000,40,3334231,28741,0.0340,0.0063,0.0795,0.0261,0.0173,0.0081,0.0007,0.0971,0.2430
2023,40000,41,3334231,29533,0.0351,0.0063,0.0788,0.0261,0.0173,0.0081,0.0007,0.0965,0.2428
2023,41000,42,3334231,30321,0.0363,0.0063,0.0781,0.0261,0.0173,0.0081,0.0007,0.0976,0.2444
2023,42000,43,3334231,31110,0.0374,0.0064,0.0774,0.0261,0.0173,0.0081,0.0007,0.0977,0.2450
2023,43000,44,3334231,31907,0.0385,0.0064,0.0767,0.0262,0.0173,0.0082,0.0007,0.0973,0.2451
2023,44000,45,3334231,32718,0.0397,0.0064,0.0761,0.0262,0.0173,0.0082,0.0007,0.0978,0.2462
2023,45000,46,3334231,33546,0.0408,0.0065,0.0754,0.0263,0.0173,0.0082,0.0007,0.0980,0.2470
2023,46000,47,3334231,34398,0.0419,0.0066,0.0748,0.0264,0.0173,0.0084,0.0007,0.0975,0.2472
2023,47000,48,3334231,35277,0.0431,0.0066,0.0742,0.0264,0.0173,0.0084,0.0007,0.0980,0.2482
2023,48000,49,3334231,36187,0.0442,0.0066,0.0736,0.0265,0.0173,0.0085,0.0007,0.0982,0.2491
2023,49000,50,3334231,37130,0.0453,0.0067,0.0730,0.0266,0.0173,0.0086,0.0007,0.0980,0.2497
2023,50000,51,3334231,38104,0.0465,0.0068,0.0724,0.0267,0.0173,0.0087,0.0007,0.0984,0.2508
2023,51000,52,3334231,39111,0.0476,0.0068,0.0718,0.0267,0.0173,0.0086,0.0007,0.0978,0.2507
2023,52000,53,3334231,40148,0.0488,0.0069,0.0713,0.0268,0.0173,0.0087,0.0007,0.0981,0.2518
2023,53000,54,3334231,41212,0.0499,0.0068,0.0707,0.0268,0.0173,0.0087,0.0007,0.0975,0.2517
2023,54000,55,3334231,42301,0.0511,0.0068,0.0702,0.0267,0.0173,0.0086,0.0007,0.0980,0.2526
2023,55000,56,3334231,43415,0.0523,0.0069,0.0696,0.0268,0.0173,0.0088,0.0007,0.0972,0.2528
2023,56000,57,3334231,44552,0.0535,0.0069,0.0691,0.0269,0.0173,0.0088,0.0007,0.0962,0.2525
2023,57000,58,3334231,45709,0.0547,0.0069,0.0686,0.0269,0.0173,0.0088,0.0007,0.0969,0.2539
2023,58000,59,3334231,46887,0.0559,0.0070,0.0680,0.0270,0.0173,0.0089,0.0007,0.0965,0.2544
2023,59000,60,3334231,48085,0.0572,0.0070,0.0675,0.0270,0.0173,0.0089,0.0007,0.0959,0.2546
2023,60000,61,3334231,49305,0.0585,0.0071,0.0670,0.0271,0.0173,0.0091,0.0008,0.0961,0.2559
2023,61000,62,3334231,50548,0.0599,0.0071,0.0665,0.0271,0.0173,0.0090,0.0008,0.0960,0.2565
2023,62000,63,3334231,51816,0.0612,0.0071,0.0660,0.0271,0.0173,0.0090,0.0007,0.0955,0.2569
2023,63000,64,3334231,53113,0.0626,0.0072,0.0655,0.0273,0.0173,0.0092,0.0008,0.0950,0.2576
2023,64000,65,3334231,54442,0.0641,0.0072,0.0649,0.0273,0.0173,0.0092,0.0008,0.0944,0.2579
2023,65000,66,3334231,55806,0.0656,0.0071,0.0644,0.0272,0.0173,0.0091,0.0008,0.0946,0.2589
2023,66000,67,3334231,57207,0.0671,0.0071,0.0639,0.0271,0.0173,0.0090,0.0007,0.0936,0.2588
2023,67000,68,3334231,58652,0.0686,0.0071,0.0634,0.0272,0.0173,0.0091,0.0008,0.0933,0.2596
2023,68000,69,3334231,60144,0.0702,0.0072,0.0629,0.0272,0.0173,0.0091,0.0008,0.0932,0.2607
2023,69000,70,3334231,61687,0.0718,0.0073,0.0624,0.0274,0.0173,0.0093,0.0008,0.0923,0.2613
2023,70000,71,3334231,63286,0.0735,0.0073,0.0619,0.0275,0.0173,0.0094,0.0008,0.0914,0.2616
2023,71000,72,3334231,64949,0.0752,0.0076,0.0614,0.0278,0.0173,0.0096,0.0008,0.0910,0.2629
2023,72000,73,3334231,66680,0.0769,0.0076,0.0609,0.0278,0.0173,0.0097,0.0008,0.0903,0.2635
2023,73000,74,3334231,68487,0.0787,0.0076,0.0604,0.0279,0.0173,0.0097,0.0008,0.0899,0.2644
2023,74000,75,3334231,70378,0.0805,0.0077,0.0599,0.0280,0.0173,0.0098,0.0008,0.0894,0.2655
2023,75000,76,3334231,72363,0.0824,0.0078,0.0594,0.0281,0.0173,0.0100,0.0008,0.0888,0.2665
2023,76000,77,3334231,74450,0.0844,0.0078,0.0588,0.0282,0.0173,0.0100,0.0008,0.0885,0.2678
2023,77000,78,3334231,76654,0.0864,0.0080,0.0583,0.0284,0.0173,0.0102,0.0008,0.0877,0.2688
2023,78000,79,3334231,78988,0.0885,0.0081,0.0578,0.0285,0.0173,0.0104,0.0009,0.0871,0.2701
2023,79000,80,3334231,81466,0.0907,0.0083,0.0572,0.0288,0.0173,0.0106,0.0009,0.0861,0.2712
2023,80000,81,3334231,84109,0.0929,0.0085,0.0567,0.0290,0.0173,0.0108,0.0009,0.0858,0.2729
2023,81000,82,3334231,86935,0.0953,0.0087,0.0561,0.0293,0.0173,0.0111,0.0009,0.0857,0.2751
2023,82000,83,3334231,89970,0.0978,0.0089,0.0556,0.0297,0.0173,0.0114,0.0009,0.0852,0.2771
2023,83000,84,3334231,93243,0.1004,0.0092,0.0550,0.0301,0.0173,0.0117,0.0010,0.0843,0.2790
2023,84000,85,3334231,96790,0.1032,0.0095,0.0544,0.0304,0.0173,0.0121,0.0010,0.0836,0.2811
2023,85000,86,3334231,100658,0.1061,0.0099,0.0538,0.0310,0.0173,0.0126,0.0010,0.0832,0.2840
2023,86000,87,3334231,104902,0.1093,0.0104,0.0531,0.0317,0.0173,0.0133,0.0011,0.0825,0.2871
2023,87000,88,3334231,109595,0.1126,0.0103,0.0525,0.0315,0.0173,0.0131,0.0011,0.0817,0.2886
2023,88000,89,3334231,114833,0.1163,0.0107,0.0518,0.0321,0.0173,0.0136,0.0011,0.0807,0.2915
2023,89000,90,3334231,120744,0.1202,0.0109,0.0511,0.0324,0.0173,0.0139,0.0012,0.0802,0.2947
2023,90000,91,3334231,127506,0.1243,0.0112,0.0503,0.0328,0.0173,0.0143,0.0012,0.0795,0.2981
2023,91000,92,3334231,135371,0.1288,0.0120,0.0495,0.0340,0.0173,0.0153,0.0013,0.0788,0.3031
2023,92000,93,3334231,144717,0.1335,0.0128,0.0487,0.0351,0.0173,0.0164,0.0014,0.0779,0.3080
2023,93000,94,3334231,156131,0.1385,0.0137,0.0477,0.0363,0.0173,0.0175,0.0015,0.0768,0.3131
2023,94000,95,3334231,170596,0.1438,0.0146,0.0467,0.0374,0.0173,0.0186,0.0015,0.0755,0.3180
2023,95000,96,3334231,189902,0.1492,0.0154,0.0456,0.0385,0.0173,0.0196,0.0016,0.0740,0.3228
2023,96000,97,3334231,217753,0.1548,0.0165,0.0443,0.0401,0.0173,0.0210,0.0017,0.0726,0.3283
2023,97000,98,3334231,263470,0.1605,0.0174,0.0427,0.0414,0.0173,0.0222,0.0018,0.0712,0.3332
2023,98000,99,3334231,360836,0.1662,0.0191,0.0407,0.0438,0.0173,0.0244,0.0020,0.0673,0.3371
2023,99000,100,333423,470818,0.1721,0.0217,0.0377,0.0472,0.0173,0.0276,0.0023,0.0644,0.3432
2023,99100,101,333423,505976,0.1790,0.0217,0.0356,0.0473,0.0173,0.0276,0.0023,0.0645,0.3481
2023,99200,102,333423,549173,0.1851,0.0222,0.0337,0.0480,0.0173,0.0283,0.0023,0.0629,0.3519
2023,99300,103,333423,603719,0.1911,0.0225,0.0320,0.0484,0.0173,0.0287,0.0024,0.0619,0.3559
2023,99400,104,333423,675120,0.1960,0.0243,0.0305,0.0510,0.0173,0.0310,0.0026,0.0599,0.3617
2023,99500,105,333423,773323,0.2015,0.0241,0.0291,0.0506,0.0173,0.0307,0.0025,0.0593,0.3646
2023,99600,106,333423,918605,0.2058,0.0263,0.0278,0.0537,0.0173,0.0336,0.0028,0.0580,0.3717
2023,99700,107,333423,1160734,0.2079,0.0291,0.0266,0.0575,0.0173,0.0371,0.0031,0.0549,0.3761
2023,99800,108,333423,1672922,0.2054,0.0322,0.0256,0.0619,0.0173,0.0411,0.0034,0.0484,0.3734
2023,99900,109,33342,2240146,0.2060,0.0323,0.0246,0.0619,0.0173,0.0412,0.0034,0.0458,0.3706
2023,99910,110,33342,2418274,0.2103,0.0311,0.0237,0.0603,0.0173,0.0397,0.0033,0.0467,0.3721
2023,99920,111,33342,2635709,0.2168,0.0315,0.0228,0.0608,0.0173,0.0402,0.0033,0.0496,0.3815
2023,99930,112,33342,2908340,0.2137,0.0330,0.0220,0.0629,0.0173,0.0421,0.0035,0.0453,0.3769
2023,99940,113,33342,3262528,0.2083,0.0335,0.0213,0.0637,0.0173,0.0428,0.0036,0.0398,0.3667
2023,99950,114,33342,3745742,0.2111,0.0355,0.0206,0.0664,0.0173,0.0453,0.0038,0.0408,0.3744
2023,99960,115,33342,4454451,0.2049,0.0388,0.0199,0.0709,0.0173,0.0495,0.0041,0.0357,0.3703
2023,99970,116,33342,5624972,0.1992,0.0392,0.0193,0.0715,0.0173,0.0500,0.0042,0.0313,0.3607
2023,99980,117,33342,8080211,0.1927,0.0400,0.0188,0.0726,0.0173,0.0510,0.0042,0.0265,0.3505
2023,99990,118,3334,10789986,0.1903,0.0407,0.0182,0.0736,0.0173,0.0519,0.0043,0.0246,0.3475
2023,99991,119,3334,11639590,0.1861,0.0406,0.0177,0.0734,0.0173,0.0518,0.0043,0.0215,0.3393
2023,99992,120,3334,12675438,0.1859,0.0408,0.0172,0.0738,0.0173,0.0521,0.0043,0.0213,0.3391
2023,99993,121,3334,13972777,0.1856,0.0411,0.0168,0.0742,0.0173,0.0525,0.0044,0.0211,0.3388
2023,99994,122,3334,15656333,0.1848,0.0412,0.0163,0.0743,0.0173,0.0526,0.0044,0.0204,0.3371
2023,99995,123,3334,17950709,0.1832,0.0415,0.0159,0.0747,0.0173,0.0529,0.0044,0.0193,0.3346
2023,99996,124,3334,21312034,0.1813,0.0418,0.0155,0.0750,0.0173,0.0533,0.0044,0.0180,0.3317
2023,99997,125,3334,26856735,0.1825,0.0420,0.0152,0.0754,0.0173,0.0536,0.0045,0.0188,0.3339
2023,99998,126,3334,38459272,0.1791,0.0416,0.0148,0.0748,0.0173,0.0530,0.0044,0.0164,0.3267
2023,99999,127,3334,151182975,0.1653,0.0467,0.0145,0.0819,0.0173,0.0596,0.0049,0.0071,0.3155
